"id";"tipo";"disc";"tema";"subtema";"dif";"fonte";"ano";"xp";"enunciado";"a";"b";"c";"d";"e";"ok";"exp"
"ENEM_2010_Q155";"multipla";"Matemática";"Funções";"Juros compostos";"Médio";"ENEM";"2010";"15";"Uma escola recebeu do governo uma verba de R$ 1000,00 para enviar dois tipos de folhetos pelo correio. O diretor da escola pesquisou que tipos de selos deveriam ser utilizados. Concluiu que, para o primeiro tipo de folheto, bastava um selo de R$ 0,65 enquanto para folhetos do segundo tipo seriam necessários três selos, um de R$ 0,65, um de R$ 0,60 e um de R$ 0,20. O diretor solicitou que se comprassem selos de modo que fossem postados exatamente 500 folhetos do segundo tipo e uma quantidade restante de selos que permitisse o envio do máximo possível de folhetos do primeiro tipo.";"476";"675";"923";"965";"1538";"c";"A resposta correta é a alternativa C. 923"
"ENEM_2010_Q156";"multipla";"Matemática";"Geometria Plana";"Funções quadráticas";"Médio";"ENEM";"2010";"15";"![](https://enem.dev/2010/questions/156/52ff9fbe-ace4-4e81-b2b0-5fa55642f382.jpg) Um pequeno helicóptero usado para reconhecimento sobrevoa a região a partir do ponto X = (20; 60). O helicóptero segue o percurso: 0,8°L→0,5°N→0,2°O→0,1°S→0,4°N→0,3°L Ao final, desce verticalmente até pousar no solo.";"Menor ou igual a 200 m.";"Maior que 200 m e menor ou igual a 400 m.";"Maior que 400 m e menor ou igual a 600 m";"Maior que 600 m e menor ou igual a 800 m.";"Maior que 800 m.";"a";"A resposta correta é a alternativa A. Menor ou igual a 200 m."
"ENEM_2010_Q157";"multipla";"Matemática";"Geometria Espacial";"Progressões";"Médio";"ENEM";"2010";"15";"Para construir uma manilha de esgoto, um cilindro com 2 m de diâmetro e 4 m de altura (de espessura desprezível), foi envolvido homogeneamente por uma camada de concreto, contendo 20 cm de espessura.";"R$ 230,40.";"R$ 124,00.";"R$ 104,16.";"R$ 54,56.";"R$ 49,60.";"d";"A resposta correta é a alternativa D. R$ 54,56."
"ENEM_2010_Q158";"multipla";"Matemática";"Álgebra e Equações";"Juros compostos";"Médio";"ENEM";"2010";"15";"![](https://enem.dev/2010/questions/158/20a4e763-d72c-4908-8b20-59443e8b7e9f.jpg) Um técnico em manejo florestal recebeu a missão de cubar, abater e transportar cinco toras de madeira, de duas espécies diferentes, sendo • 3 toras da espécie I, com 3 m de rodo, 12 m de comprimento e densidade 0,77 toneladas/m³; • 2 toras da espécie II, com 4 m de rodo, 10 m de comprimento e densidade 0,78 toneladas/m³.";"29,9 toneladas.";"31,1 toneladas.";"32,4 toneladas.";"35,3 toneladas.";"41,8 toneladas.";"a";"A resposta correta é a alternativa A. 29,9 toneladas."
"ENEM_2010_Q159";"multipla";"Matemática";"Geometria Plana";"Seno e cosseno";"Médio";"ENEM";"2010";"15";"![](https://enem.dev/2010/questions/159/d9f06afe-c730-4e5a-ab08-dfb562d30d85.jpg)";"0,4 cm/kg1/3.";"2,5 cm/kg1/3.";"8 cm/kg1/3.";"20 cm/kg1/3.";"40 cm/kg1/3.";"e";"A resposta correta é a alternativa E. 40 cm/kg1/3."
"ENEM_2010_Q160";"multipla";"Matemática";"Geometria Espacial";"Equações do 2º grau";"Médio";"ENEM";"2010";"15";"Um balão atmosférico, lançado em Bauru (343 quilômetros a Noroeste de São Paulo), na noite do último domingo, caiu nesta segunda-feira em Cuiabá Paulista, na região de Presidente Prudente, assustando agricultores da região. O artefato faz parte do programa Projeto Hibiscus, desenvolvido por Brasil, França, Argentina, Inglaterra e Itália, para a medição do comportamento da camada de ozônio, e sua descida se deu após o cumprimento do tempo previsto de medição. Disponível em: http://www.correiodobrasil.com.br. Acesso em: 02 maio 2010. ![](https://enem.dev/2010/questions/160/1f3ac874-dc7d-48a1-bfbd-6426ce6e0f8e.jpg) Na data do acontecido, duas pessoas avistaram o balão. Uma estava a 1,8 km da posição vertical do balão e o avistou sob um ângulo de 60º; a outra estava a 5,5 km da posição vertical do balão, alinhada com a primeira, e no mesmo sentido, conforme se vê na figura, e o avistou sob um ângulo de 30º.";"1,8 km";"1,9 km";"3,1 km";"3,7 km";"5,5 km";"c";"A resposta correta é a alternativa C. 3,1 km"
"ENEM_2010_Q161";"multipla";"Matemática";"Geometria Espacial";"Progressões";"Médio";"ENEM";"2010";"15";"Em canteiros de obras de construção civil é comum perceber trabalhadores realizando medidas de comprimento e de ângulos e fazendo demarcações por onde a obra deve começar ou se erguer. Em um desses canteiros foram feitas algumas marcas no chão plano. Foi possível perceber que, das seis estacas colocadas, três eram vértices de um triângulo retângulo e as outras três eram os pontos médios dos lados desse triângulo, foram indicadas por letras. ![](https://enem.dev/2010/questions/161/93aaf9bb-8489-4ca4-b226-0029de752d3c.jpg) A região demarcada pelas estacas A, B, M e N deveria ser calçada com concreto.";"À mesma área do triângulo AMC.";"À mesma área do triângulo BNC.";"À metade da área formada pelo triângulo ABC.";"Ao dobro da área do triângulo MNC.";"Ao triplo da área do triângulo MNC.";"e";"A resposta correta é a alternativa E. Ao triplo da área do triângulo MNC."
"ENEM_2010_Q162";"multipla";"Matemática";"Funções";"Equações do 2º grau";"Médio";"ENEM";"2010";"15";"O jornal de certa cidade publicou em uma página inteira a seguinte divulgação de seu caderno de classificados ![](https://enem.dev/2010/questions/162/3a48f3aa-f9b3-457a-9ffc-a48f280a2e19.jpg)";"1 mm.";"10 mm.";"17 mm.";"160 mm.";"167 mm.";"d";"A resposta correta é a alternativa D. 160 mm."
"ENEM_2010_Q163";"multipla";"Matemática";"Números e Operações";"Progressões";"Médio";"ENEM";"2010";"15";"A ideia de usar rolos circulares para deslocar objetos pesados provavelmente surgiu com os antigos egípcios ao construírem as pirâmides. ![](https://enem.dev/2010/questions/163/ad5073a3-52ed-4a3a-b2f4-5c88f216e795.jpg)";"Y = R.";"Y = 2R.";"Y = πR.";"Y = 2πR.";"Y = 4πR.";"e";"A resposta correta é a alternativa E. Y = 4πR."
"ENEM_2010_Q164";"multipla";"Matemática";"Números e Operações";"Equações do 2º grau";"Médio";"ENEM";"2010";"15";"Uma metalúrgica recebeu uma encomenda para fabricar, em grande quantidade, uma peça com o formato de um prisma reto com base triangular, cujas dimensões da base são 6 cm, 8 cm e 10 cm e cuja altura é 10 cm. Tal peça deve ser vazada de tal maneira que a perfuração na forma de um cilindro circular reto seja tangente às suas faces laterais, conforme mostra a figura. ![](https://enem.dev/2010/questions/164/d7f10275-2a88-4791-b723-59fdae4f26d0.jpg)";"1 cm.";"2 cm.";"3 cm.";"4 cm.";"5 cm.";"b";"A resposta correta é a alternativa B. 2 cm."
"ENEM_2010_Q165";"multipla";"Matemática";"Números e Operações";"Funções quadráticas";"Médio";"ENEM";"2010";"15";"Nos processos industriais, como na indústria de cerâmica, é necessário o uso de fornos capazes de produzir elevadas temperaturas e, em muitas situações, o tempo de elevação dessa temperatura deve ser controlado, para garantir a qualidade do produto final e a economia no processo. Em uma indústria de cerâmica, o forno é programado para elevar a temperatura ao longo do tempo de acordo com a função ![](https://enem.dev/2010/questions/165/fc2955c9-9732-4344-8658-ce88f7aba999.jpg) em que T é o valor da temperatura atingida pelo forno, em graus Celsius, e t é o tempo, em minutos, decorrido desde o instante em que o forno é ligado. Uma peça deve ser colocada nesse forno quando a temperatura for 48°C e retirada quando a temperatura for 200°C.";"100.";"108.";"128.";"130.";"150.";"d";"A resposta correta é a alternativa D. 130."
"ENEM_2010_Q166";"multipla";"Matemática";"Geometria Plana";"Progressões";"Médio";"ENEM";"2010";"15";"O gráfico mostra o número de favelas no município do Rio de Janeiro entre 1980 e 2004, considerando que a variação nesse número entre os anos considerados é linear. ![](https://enem.dev/2010/questions/166/37362de0-ff1e-4e1d-b6f7-4c3c35252fcd.jpg)";"Menor que 1 150.";"218 unidades maior que em 2004.";"Maior que 1 150 e menor que 1 200.";"177 unidades maior que em 2010.";"Maior que 1 200.";"c";"A resposta correta é a alternativa C. Maior que 1 150 e menor que 1 200."
"ENEM_2010_Q167";"multipla";"Matemática";"Estatística e Probabilidade";"Equações do 2º grau";"Médio";"ENEM";"2010";"15";"O gráfico apresenta a quantidade de gols marcados pelos artilheiros das Copas do Mundo desde a Copa de 1930 até a de 2006. ![](https://enem.dev/2010/questions/167/62dd2345-60b2-49ba-af99-ee935344a42d.jpg)";"6 gols";"6,5 gols";"7 gols";"7,3 gols";"8,5 gols";"b";"A resposta correta é a alternativa B. 6,5 gols"
"ENEM_2010_Q168";"multipla";"Matemática";"Estatística e Probabilidade";"Juros compostos";"Médio";"ENEM";"2010";"15";"Em um casamento, os donos da festa serviam champanhe aos seus convidados em taças com formato de um hemisfério (Figura 1), porém um acidente na cozinha culminou na quebra de grande parte desses recipientes. Para substituir as taças quebradas, utilizou-se um outro tipo com formato de cone (Figura 2). No entanto, os noivos solicitaram que o volume de champanhe nos dois tipos de taças fosse igual. ![](https://enem.dev/2010/questions/168/ee7ccd75-517b-4b02-9a73-11e2772684d1.jpg) Considere: ![imagem (Foto: Reprodução/Enem)](https://enem.dev/2010/questions/168/60c7f391-a434-4c90-8ae8-21a21edec1f1.png """"imagem (Foto: Reprodução/Enem)"""")";"1,33";"6,00";"12,00";"56,52";"113,04";"b";"A resposta correta é a alternativa B. 6,00"
"ENEM_2010_Q169";"multipla";"Matemática";"Funções";"Área e perímetro";"Médio";"ENEM";"2010";"15";"O Salto Triplo é uma modalidade do atletismo em que o atleta dá um salto em um só pé, uma passada e um salto, nessa ordem. Sendo que o salto com impulsão em um só pé será feito de modo que o atleta caia primeiro sobre o mesmo pé que deu a implusão; na passada ele cairá com o outro pé, do qual o salto é realizado. Disponível em: www.cbat.org.br (adaptado).";"4,0 m e 5,0 m.";"5,0 m e 6,0 m.";"6,0 m e 7,0 m.";"7,0 m e 8,0 m.";"8,0 m e 9,0 m.";"d";"A resposta correta é a alternativa D. 7,0 m e 8,0 m."
"ENEM_2010_Q170";"multipla";"Matemática";"Álgebra e Equações";"Juros compostos";"Médio";"ENEM";"2010";"15";"Marco e Paulo foram classificados em um concurso. Para classificação no concurso o candidato deveria obter média aritmética na pontuação igual ou superior a 14. Em caso de empate na média, o desempate seria em favor da pontuação mais regular. No quadro a seguir são apresentados os pontos obtidos nas provas de Matemática, Português e Conhecimentos Gerais, a média, a mediana e o desvio padrão dos dois candidatos. Dados dos candidatos no concurso ![](https://enem.dev/2010/questions/170/b91052ca-dc24-45b9-b953-9aa426b42f1a.jpg)";"Marco, pois a média e a mediana são iguais.";"Marco, pois obteve menor desvio padrão.";"Paulo, pois obteve a maior pontuação da tabela, 19 em Português.";"Paulo, pois obteve maior mediana.";"Paulo, pois obteve maior desvio padrão.";"b";"A resposta correta é a alternativa B. Marco, pois obteve menor desvio padrão."
"ENEM_2010_Q171";"multipla";"Matemática";"Geometria Plana";"Análise combinatória";"Médio";"ENEM";"2010";"15";"Um grupo de pacientes com Hepatite C foi submetido a um tratamento tradicional em que 40% desses pacientes foram completamente curados. Os pacientes que não obtiveram cura foram distribuídos em dois grupos de mesma quantidade e submetidos a dois tratamentos inovadores. No primeiro tratamento inovador, 35% dos pacientes foram curados e, no segundo, 45%.";"16%";"24%";"32%";"48%";"64%";"b";"A resposta correta é a alternativa B. 24%"
"ENEM_2010_Q172";"multipla";"Matemática";"Funções";"Área e perímetro";"Médio";"ENEM";"2010";"15";"Em 2006, a produção mundial de etanol foi de 40 bilhões de litros e a de biodiesel, de 6,5 bilhões. Neste mesmo ano, a produção brasileira de etanol correspondeu a 43% da produção mundial, ao passo que a produção dos Estados Unidos da América, usando milho, foi de 45%. Disponível em: planetasustentavel.abril.com.br.Acesso em: 02 maio 2009.";"22,5%.";"50,0%.";"52,3%.";"65,5%.";"77,5%.";"c";"A resposta correta é a alternativa C. 52,3%."
"ENEM_2010_Q173";"multipla";"Matemática";"Trigonometria";"Volume de sólidos";"Médio";"ENEM";"2010";"15";"João mora na cidade A e precisa visitar cinco clientes, localizados em cidades diferentes da sua. Cada trajeto possível pode ser representado por uma sequência de 7 letras. Por exemplo, o trajeto ABCDEFA, informa que ele sairá da cidade A, visitando as cidades B, C, D, E e F nesta ordem, voltando para a cidade A. Além disso, o número indicado entre as letras informa o custo do deslocamento entre as cidades. A figura mostra o custo de deslocamento entre cada uma das cidades. ![](https://enem.dev/2010/questions/173/32cafe03-6732-45ee-85e9-d97f56364ee2.jpg) Como João quer economizar, ele precisa determinar qual o trajeto de menor custo para visitar os cinco clientes. somente parte das sequências, pois os trajetos ABCDEFA e AFEDCBA têm o mesmo custo. Ele gasta 1min30s para examinar uma sequência e descartar sua simétrica, conforme apresentado.";"60 min.";"90 min.";"120 min.";"180 min.";"360 min.";"b";"A resposta correta é a alternativa B. 90 min."
"ENEM_2010_Q174";"multipla";"Matemática";"Números e Operações";"Área e perímetro";"Médio";"ENEM";"2010";"15";"O diretor de um colégio leu numa revista que os pés das mulheres estavam aumentando. Há alguns anos, a média do tamanho dos calçados das mulheres era de 35,5 e, hoje, é de 37,0. Embora não fosse uma informação científica, ele ficou curioso e fez uma pesquisa com as funcionárias do seu colégio, obtendo o quadro a seguir: ![](https://enem.dev/2010/questions/174/9b2b5d30-dece-4e7e-912d-8465855c6111.jpg)";"1/3";"1/5";"2/5";"5/7";"5/14";"d";"A resposta correta é a alternativa D. 5/7"
"ENEM_2010_Q175";"multipla";"Matemática";"Matemática Financeira";"Volume de sólidos";"Médio";"ENEM";"2010";"15";"O quadro seguinte mostra o desempenho de um time de futebol no último campeonato. A coluna da esquerda mostra o número de gols marcados e a coluna da direita informa em quantos jogos o time marcou aquele número de gols. ![](https://enem.dev/2010/questions/175/47a384a9-8a0b-4669-ac56-963874dfc9e9.jpg)";"X = Y < Z.";"Z < X = Y.";"Y < Z < X.";"Z < X < Y.";"Z < Y < X.";"e";"A resposta correta é a alternativa E. Z < Y < X."
"ENEM_2010_Q176";"multipla";"Matemática";"Funções";"Seno e cosseno";"Médio";"ENEM";"2010";"15";"A disparidade de volume entre os planetas é tão grande que seria possível colocá-los uns dentro dos outros. O planeta Mercúrio é o menor de todos. Marte é o segundo menor: dentro dele cabem três Mercúrios. Terra é o único com vida: dentro dela cabem sete Martes. Netuno é o quarto maior: dentro dele cabem 58 Terras. Júpiter é o maior dos planetas: dentro dele cabem 23 Netunos. **Revista Veja.** Ano 41, no 25, 25 jun. 2008 (adaptado).";"406";"1 334";"4 002";"9 338";"28 014";"b";"A resposta correta é a alternativa B. 1 334"
"ENEM_2010_Q177";"multipla";"Matemática";"Matemática Financeira";"Progressões";"Médio";"ENEM";"2010";"15";"Um dos grandes problemas da poluição dos mananciais (rios, córregos e outros) ocorre pelo hábito de jogar óleo utilizado em frituras nos encanamentos que estão interligados com o sistema de esgoto. Se isso ocorrer, cada 10 litros de óleo poderão contaminar 10 milhões (107) de litros de água potável. Manual de etiqueta. Parte integrante das revistas Veja (ed. 2055), Cláudia (ed. 555), _National Geographic_ (ed. 93) e _Nova Escola_ (ed. 208) (adaptado). Suponha que todas as famílias de uma cidade descartem os óleos de frituras através dos encanamentos e consomem 1 000 litros de óleo em frituras por semana.";"10 -²";"10³";"10^4";"10^6";"10^9";"e";"A resposta correta é a alternativa E. 10^9"
"ENEM_2010_Q178";"multipla";"Matemática";"Números e Operações";"Juros compostos";"Médio";"ENEM";"2010";"15";"Um porta-lápis de madeira foi construído no formato cúbico, seguindo o modelo ilustrado a seguir. O cubo de dentro é vazio. A aresta do cubo maior mede 12 cm e a do cubo menor, que é interno, mede 8 cm. ![](https://enem.dev/2010/questions/178/f167ae80-7a92-4a85-8c25-bd0738dba84d.jpg)";"12 cm³";"64 cm³";"96 cm³";"1216 cm³";"1728 cm³";"d";"A resposta correta é a alternativa D. 1216 cm³"
"ENEM_2010_Q179";"multipla";"Matemática";"Estatística e Probabilidade";"Equações do 2º grau";"Médio";"ENEM";"2010";"15";"Ronaldo é um garoto que adora brincar com números. Numa dessas brincadeiras, empilhou caixas numeradas de acordo com a sequência conforme mostrada no esquema a seguir. ![](https://enem.dev/2010/questions/179/0fc82f4a-dc92-411f-8f14-995159be0c16.jpg) Ele percebeu que a soma dos números em cada linha tinha uma propriedade e que, por meio dessa propriedade, era possível prever a soma de qualquer linha posterior às já construídas.";"9";"45";"64";"81";"285";"d";"A resposta correta é a alternativa D. 81"
"ENEM_2010_Q180";"multipla";"Matemática";"Números e Operações";"Seno e cosseno";"Médio";"ENEM";"2010";"15";"Para conseguir chegar a um número recorde de produção de ovos de Páscoa, as empresas brasileiras começam a se planejar para esse período com um ano de ovos de Páscoa produzidos no Brasil no período de 2005 a 2009. ![](https://enem.dev/2010/questions/180/b3a08efa-6d65-4f17-955f-8c8962f34861.jpg)";"2004-2005";"2005-2006";"2006-2007";"2007-2008";"2008-2009";"e";"A resposta correta é a alternativa E. 2008-2009"
"ENEM_2010_Q180";"multipla";"Matemática";"Funções";"Equações do 2º grau";"Médio";"ENEM";"2010";"15";"Para conseguir chegar a um número recorde de produção de ovos de Páscoa, as empresas brasileiras começam a se planejar para esse período com um ano de ovos de Páscoa produzidos no Brasil no período de 2005 a 2009. ![](https://enem.dev/2010/questions/180/b3a08efa-6d65-4f17-955f-8c8962f34861.jpg)";"2004-2005";"2005-2006";"2006-2007";"2007-2008";"2008-2009";"e";"A resposta correta é a alternativa E. 2008-2009"
"ENEM_2009_Q001";"multipla";"História";"Língua Estrangeira (Espanhol)";"Reading comprehension";"Médio";"ENEM";"2009";"15";"A atmosfera terrestre é composta pelos gases nitrogênio (N2) e oxigênio (O2), que somam cerca de 99%, e por gases traços, entre eles o gás carbônico (CO2), vapor de água (H2O), metano (CH4), ozônio (O3) e o óxido nitroso (N2O), que compõem o restante 1% do ar que respiramos. Os gases traços, por serem constituídos por pelo menos três átomos, conseguem absorver o calor irradiado pela Terra, aquecendo o planeta. Esse fenômeno, que acontece há bilhões de anos, é chamado de efeito estufa. A partir da Revolução Industrial (século XIX), a concentração de gases traços na atmosfera, em particular o CO2, tem aumentado significativamente, o que resultou no aumento da temperatura em escala global. Mais recentemente, outro fator tornou-se diretamente envolvido no aumento da concentração de CO2 na atmosfera: o desmatamento. BROWN, I. F.; ALECHANDRE, A. S. Conceitos básicos sobre clima,carbono, florestas e comunidades. A.G. Moreira & S. Schwartzman. As mudanças climáticas globais e os ecossistemas brasileiros. Brasília: Instituto de Pesquisa Ambiental da Amazônia, 2000 (adaptado).";"Reduzir o calor irradiado pela Terra mediante a substituição da produção primária pela industrialização refrigerada.";"Promover a queima da biomassa vegetal, responsável pelo aumento do efeito estufa devido à produção de CH4.";"Reduzir o desmatamento, mantendo-se, assim, o potencial da vegetação em absorver o CO2 da atmosfera.";"Aumentar a concentração atmosférica de H2O, molécula capaz de absorver grande quantidade de calor.";"Remover moléculas orgânicas polares da atmosfera, diminuindo a capacidade delas de reter calor.";"c";"A resposta correta é a alternativa C. Reduzir o desmatamento, mantendo-se, assim, o potencial da vegetação em absorver o CO2 da atmosfera."
"ENEM_2009_Q002";"multipla";"Biologia";"Literatura Brasileira";"Reading comprehension";"Médio";"ENEM";"2009";"15";"Analise a figura. ![](https://enem.dev/2009/questions/2/7af3247b-4580-4b52-8d5a-b64887db9b0e.png)";"Concentração média de álcool no sangue ao longo do dia.";"Variação da frequência da ingestão de álcool ao longo das horas.";"Concentração mínima de álcool no sangue a partir de diferentes dosagens.";"Estimativa de tempo necessário para metabolizar diferentes quantidades de álcool.";"Representação gráfica da distribuição de frequência de álcool em determinada hora do dia.";"d";"A resposta correta é a alternativa D. Estimativa de tempo necessário para metabolizar diferentes quantidades de álcool."
"ENEM_2009_Q003";"multipla";"Biologia";"Literatura Brasileira";"Coesão e coerência";"Médio";"ENEM";"2009";"15";"Estima-se que haja atualmente no mundo 40 milhões de pessoas infectadas pelo HIV (o vírus que causa a AIDS), sendo que as taxas de novas infecções continuam crescendo, principalmente na África, Ásia e Rússia. Nesse cenário de pandemia, uma vacina contra o HIV teria imenso impacto, pois salvaria milhões de vidas. Certamente seria um marco na história planetária e também uma esperança para as populações carentes de tratamento antiviral e de acompanhamento médico. TANURI, A.; FERREIRA JUNIOR, O. C. Vacina contra Aids: desafios e esperanças. Ciência Hoje (44) 26, 2009 (adaptado).";"Induzir a imunidade, para proteger o organismo da contaminação viral.";"Ser capaz de alterar o genoma do organismo portador, induzindo a síntese de enzimas protetoras.";"Produzir antígenos capazes de se ligarem ao vírus, impedindo que este entre nas células do organismo humano.";"Ser amplamente aplicada em animais, visto que esses são os principais transmissores do vírus para os seres humanos.";"Estimular a imunidade, minimizando a transmissão do vírus por gotículas de saliva.";"a";"A resposta correta é a alternativa A. Induzir a imunidade, para proteger o organismo da contaminação viral."
"ENEM_2009_Q004";"multipla";"Biologia";"Língua Estrangeira (Espanhol)";"Coesão e coerência";"Médio";"ENEM";"2009";"15";"Em um experimento, preparou-se um conjunto de plantas por técnica de clonagem a partir de uma planta original que apresentava folhas verdes. Esse conjunto foi dividido em dois grupos, que foram tratados de maneira idêntica, com exceção das condições de iluminação, sendo um grupo exposto a ciclos de iluminação solar natural e outro mantido no escuro. Após alguns dias, observou-se que o grupo exposto à luz apresentava folhas verdes como a planta original e o grupo cultivado no escuro apresentava folhas amareladas.";"Os genótipos e os fenótipos idênticos.";"Os genótipos idênticos e os fenótipos diferentes.";"Diferenças nos genótipos e fenótipos.";"O mesmo fenótipo e apenas dois genótipos diferentes.";"O mesmo fenótipo e grande variedade de genótipos.";"b";"A resposta correta é a alternativa B. Os genótipos idênticos e os fenótipos diferentes."
"ENEM_2009_Q005";"multipla";"Biologia";"Língua Estrangeira (Espanhol)";"Arte contemporânea";"Médio";"ENEM";"2009";"15";"Na linha de uma tradição antiga, o astrônomo grego Ptolomeu (100-170 d.C.) afirmou a tese do geocentrismo, segundo a qual a Terra seria o centro do universo, sendo que o Sol, a Lua e os planetas girariam em seu redor em órbitas circulares. A teoria de Ptolomeu resolvia de modo razoável os problemas astronômicos da sua época. Vários séculos mais tarde, o clérigo e astrônomo polonês Nicolau Copérnico (1473-1543), ao encontrar inexatidões na teoria de Ptolomeu, formulou a teoria do heliocentrismo, segundo a qual o Sol deveria ser considerado o centro do universo, com a Terra, a Lua e os planetas girando circularmente em torno dele. Por fim, o astrônomo e matemático alemão Johannes Kepler (1571- 1630), depois de estudar o planeta Marte por cerca de trinta anos, verificou que a sua órbita é elíptica. Esse resultado generalizou-se para os demais planetas.";"Ptolomeu apresentou as ideias mais valiosas, por serem mais antigas e tradicionais.";"Copérnico desenvolveu a teoria do heliocentrismo inspirado no contexto político do Rei Sol.";"Copérnico viveu em uma época em que a pesquisa científica era livre e amplamente incentivada pelas autoridades.";"Kepler estudou o planeta Marte para atender às necessidades de expansão econômica e científica da Alemanha.";"Kepler apresentou uma teoria científica que, graças aos métodos aplicados, pôde ser testada e generalizada.";"e";"A resposta correta é a alternativa E. Kepler apresentou uma teoria científica que, graças aos métodos aplicados, pôde ser testada e generalizada."
"ENEM_2009_Q006";"multipla";"Biologia";"Literatura Portuguesa";"Arte contemporânea";"Fácil";"ENEM";"2009";"10";"O ciclo biogeoquímico do carbono compreende diversos compartimentos, entre os quais a Terra, a atmosfera e os oceanos, e diversos processos que permitem a transferência de compostos entre esses reservatórios. Os estoques de carbono armazenados na forma de recursos não renováveis, por exemplo, o petróleo, são limitados, sendo de grande relevância que se perceba a importância da substituição de combustíveis fósseis por combustíveis de fontes renováveis.";"Aumento da porcentagem de carbono contido na Terra.";"Redução na taxa de fotossíntese dos vegetais superiores.";"Aumento da produção de carboidratos de origem vegetal.";"Aumento na quantidade de carbono presente na atmosfera.";"Redução da quantidade global de carbono armazenado nos oceanos.";"d";"A resposta correta é a alternativa D. Aumento na quantidade de carbono presente na atmosfera."
"ENEM_2009_Q007";"multipla";"Biologia";"Língua Estrangeira (Espanhol)";"Coesão e coerência";"Fácil";"ENEM";"2009";"10";"Um novo método para produzir insulina artificial que utiliza tecnologia de DNA recombinante foi desenvolvido por pesquisadores do Departamento de Biologia Celular da Universidade de Brasília (UnB) em parceria com a iniciativa privada. Os pesquisadores modificaram geneticamente a bactéria Escherichia coli para torná-la capaz de sintetizar o hormônio. O processo permitiu fabricar insulina em maior quantidade e em apenas 30 dias, um terço do tempo necessário para obtê-la pelo método tradicional, que consiste na extração do hormônio a partir do pâncreas de animais abatidos. Ciência Hoje, 24 abr. 2001. Disponível em: http://cienciahoje.uol.com.br (adaptado).";"O aperfeiçoamento do processo de extração de insulina a partir do pâncreas suíno.";"A seleção de microrganismos resistentes a antibióticos.";"O progresso na técnica da síntese química de hormônios.";"Impacto favorável na saúde de indivíduos diabéticos.";"A criação de animais transgênicos.";"d";"A resposta correta é a alternativa D. Impacto favorável na saúde de indivíduos diabéticos."
"ENEM_2009_Q008";"multipla";"História";"Comunicação e Tecnologia";"Mídias digitais";"Fácil";"ENEM";"2009";"10";"A economia moderna depende da disponibilidade de muita energia em diferentes formas, para funcionar e crescer. No Brasil, o consumo total de energia pelas indústrias cresceu mais de quatro vezes no período entre 1970 e 2005. Enquanto os investimentos em energias limpas e renováveis, como solar e eólica, ainda são incipientes, ao se avaliar a possibilidade de instalação de usinas geradoras de energia elétrica, diversos fatores devem ser levados em consideração, tais como os impactos causados ao ambiente e às populações locais. RICARDO, B.; CAMPANILI, M. **Almanaque Brasil Socioambiental.** São Paulo: Instituto Socioambiental, 2007 (adaptado).";"A poluição da água por metais da usina.";"A destruição do habitat de animais terrestres.";"O aumento expressivo na liberação de CO2 para a atmosfera.";"O consumo não renovável de toda água que passa pelas turbinas.";"O aprofundamento no leito do rio, com a menor deposição de resíduos no trecho de rio anterior à represa.";"b";"A resposta correta é a alternativa B. A destruição do habitat de animais terrestres."
"ENEM_2009_Q009";"multipla";"História";"Língua Estrangeira (Inglês)";"Arte contemporânea";"Fácil";"ENEM";"2009";"10";"As mudanças climáticas e da vegetação ocorridas nos trópicos da América do Sul têm sido bem documentadas por diversos autores, existindo um grande acúmulo de evidências geológicas ou paleoclimatológicas que evidenciam essas mudanças ocorridas durante o Quaternário nessa região. Essas mudanças resultaram em restrição da distribuição das florestas pluviais, com expansões concomitantes de habitats não-florestais durante períodos áridos (glaciais), seguido da expansão das florestas pluviais e restrição das áreas não-florestais durante períodos úmidos (interglaciais). Disponível em: http://zoo.bio.ufpr.br. Acesso em: 1 maio 2009.";"As áreas não-florestais ficam restritas a refúgios ecológicos devido à baixa adaptabilidade de espécies não-florestais a ambientes áridos.";"Grande parte da diversidade de espécies vegetais é reduzida, uma vez que necessitam de condições semelhantes a dos períodos interglaciais.";"A vegetação comum ao cerrado deve ter se limitado a uma pequena região do centro do Brasil, da qual se expandiu até atingir a atual distribuição.";"Plantas com adaptações ao clima árido, como o desenvolvimento de estruturas que reduzem a perda de água, devem apresentar maior área de distribuição.";"Florestas tropicais como a amazônica apresentam distribuição geográfica mais ampla, uma vez que são densas e diminuem a ação da radiação solar sobre o solo e reduzem os efeitos da aridez.";"d";"A resposta correta é a alternativa D. Plantas com adaptações ao clima árido, como o desenvolvimento de estruturas que reduzem a perda de água, devem apresentar maior área de distribuição."
"ENEM_2009_Q010";"multipla";"Biologia";"Interpretação e Produção de Texto";"Reading comprehension";"Fácil";"ENEM";"2009";"10";"A fotossíntese é importante para a vida na Terra. Nos cloroplastos dos organismos fotossintetizantes, a energia solar é convertida em energia química que, juntamente com água e gás carbônico (CO2), é utilizada para a síntese de compostos orgânicos (carboidratos). A fotossíntese é o único processo de importância biológica capaz de realizar essa conversão. Todos os organismos, incluindo os produtores, aproveitam a energia armazenada nos carboidratos para impulsionar os processos celulares, liberando CO2 para a atmosfera e água para a célula por meio da respiração celular. Além disso, grande fração dos recursos energéticos do planeta, produzidos tanto no presente (biomassa) como em tempos remotos (combustível fóssil), é resultante da atividade fotossintética.";"O CO2 e a água são moléculas de alto teor energético.";"Os carboidratos convertem energia solar em energia química.";"A vida na Terra depende, em última análise, da energia proveniente do Sol.";"O processo respiratório é responsável pela retirada de carbono da atmosfera.";"A produção de biomassa e de combustível fóssil, por si, é responsável pelo aumento de CO2 atmosférico.";"c";"A resposta correta é a alternativa C. A vida na Terra depende, em última análise, da energia proveniente do Sol."
"ENEM_2009_Q011";"multipla";"Biologia";"Literatura Portuguesa";"Reading comprehension";"Fácil";"ENEM";"2009";"10";"Para que todos os órgãos do corpo humano funcionem em boas condições, é necessário que a temperatura do corpo fique sempre entre 36ºC e 37ºC. Para manter-se dentro dessa faixa, em dias de muito calor ou durante intensos exercícios físicos, uma série de mecanismos fisiológicos é acionada.";"Digestório, pois produz enzimas que atuam na quebra de alimentos calóricos.";"Imunológico, pois suas células agem no sangue, diminuindo a condução do calor.";"Nervoso, pois promove a sudorese, que permite perda de calor por meio da evaporação da água.";"Reprodutor, pois secreta hormônios que alteram a temperatura, principalmente durante a menopausa.";"Endócrino, pois fabrica anticorpos que, por sua vez, atuam na variação do diâmetro dos vasos periféricos.";"c";"A resposta correta é a alternativa C. Nervoso, pois promove a sudorese, que permite perda de calor por meio da evaporação da água."
"ENEM_2009_Q012";"multipla";"Biologia";"Artes e Cultura";"Reading comprehension";"Fácil";"ENEM";"2009";"10";"![](https://enem.dev/2009/questions/12/233eafdb-167e-4978-a815-54aad9e6bee2.jpg) Em solução, os ânions do sabão podem hidrolisar a água e, desse modo, formar o ácido carboxílico correspondente. Por exemplo, para o estearato de sódio, é estabelecido o seguinte equilíbrio: ![](https://enem.dev/2009/questions/12/63593c90-04b4-48ea-b9c5-1205f73bef95.jpg) Uma vez que o ácido carboxílico formado é pouco solúvel em água e menos eficiente na remoção de gorduras, o pH do meio deve ser controlado de maneira a evitar que o equilíbrio acima seja deslocado para a direita.";"Mais eficiente em pH básico.";"Mais eficiente em pH ácido.";"Mais eficiente em pH neutro.";"Eficiente em qualquer faixa de pH.";"Mais eficiente em pH ácido ou neutro.";"a";"A resposta correta é a alternativa A. Mais eficiente em pH básico."
"ENEM_2009_Q013";"multipla";"História";"Literatura Portuguesa";"Mídias digitais";"Fácil";"ENEM";"2009";"10";"A abertura e a pavimentação de rodovias em zonas rurais e regiões afastadas dos centros urbanos, por um lado, possibilita melhor acesso e maior integração entre as comunidades, contribuindo com o desenvolvimento social e urbano de populações isoladas. Por outro lado, a construção de rodovias pode trazer impactos indesejáveis ao meio ambiente, visto que a abertura de estradas pode resultar na fragmentação de habitats, comprometendo o fluxo gênico e as interações entre espécies silvestres, além de prejudicar o fluxo natural de rios e riachos, possibilitar o ingresso de espécies exóticas em ambientes naturais e aumentar a pressão antrópica sobre os ecossistemas nativos. BARBOSA, N. P. U.; FERNANDES, G. W. A destruição do jardim. **Scientific American** **Brasil.** Ano 7, número 80, dez. 2008 (adaptado).";"Impedir a abertura e a pavimentação de rodovias em áreas rurais e em regiões preservadas, pois a qualidade de vida e as tecnologias encontradas nos centros urbanos são prescindíveis às populações rurais.";"Impedir a abertura e a pavimentação de rodovias em áreas rurais e em regiões preservadas, promovendo a migração das populações rurais para os centros urbanos, onde a qualidade de vida é melhor.";"Permitir a abertura e a pavimentação de rodovias apenas em áreas rurais produtivas, haja vista que nas demais áreas o retorno financeiro necessário para produzir uma melhoria na qualidade de vida da região não é garantido.";"Permitir a abertura e a pavimentação de rodovias, desde que comprovada a sua real necessidade e após a realização de estudos que demonstrem ser possível contornar ou compensar seus impactos ambientais.";"Permitir a abertura e a pavimentação de rodovias, haja vista que os impactos ao meio ambiente são temporários e podem ser facilmente revertidos com as tecnologias existentes para recuperação de áreas degradadas.";"d";"A resposta correta é a alternativa D. Permitir a abertura e a pavimentação de rodovias, desde que comprovada a sua real necessidade e após a realização de estudos que demonstrem ser possív..."
"ENEM_2009_Q014";"multipla";"Biologia";"Literatura Portuguesa";"Arte contemporânea";"Fácil";"ENEM";"2009";"10";"![](https://enem.dev/2009/questions/14/524ed514-1e24-42fe-9a5f-efebf0ce3c6d.png)";"Aumentar a quantidade de combustível para queima na usina de força.";"Utilizar lâmpadas incandescentes, que geram pouco calor e muita luminosidade.";"Manter o menor número possível de aparelhos elétricos em funcionamento nas moradias.";"Utilizar cabos com menor diâmetro nas linhas de transmissão a fim de economizar o material condutor.";"Utilizar materiais com melhores propriedades condutoras nas linhas de transmissão e lâmpadas fluorescentes nas moradias.";"e";"A resposta correta é a alternativa E. Utilizar materiais com melhores propriedades condutoras nas linhas de transmissão e lâmpadas fluorescentes nas moradias."
"ENEM_2009_Q015";"multipla";"Biologia";"Interpretação e Produção de Texto";"Coesão e coerência";"Fácil";"ENEM";"2009";"10";"![](https://enem.dev/2009/questions/15/a4e6a5bb-5a91-4e8a-86f2-b4775c56178f.jpg)";"Au, Pt, Ag, Zn, Ni e Pb.";"Au, Pt e Ag.";"Zn, Ni e Pb.";"Au e Zn.";"Ag e Pb.";"b";"A resposta correta é a alternativa B. Au, Pt e Ag."
"ENEM_2009_Q016";"multipla";"Biologia";"Literatura Portuguesa";"Comprensión lectora";"Fácil";"ENEM";"2009";"10";"A figura seguinte representa um modelo de transmissão da informação genética nos sistemas biológicos. No fim do processo, que inclui a replicação, a transcrição e a tradução, há três formas proteicas diferentes denominadas a, b e c. ![](https://enem.dev/2009/questions/16/2c67a1f7-b788-445d-9a6c-ef9d499ff78b.png)";"A única molécula que participa da produção de proteínas é o DNA.";"O fluxo de informação genética, nos sistemas biológicos, é unidirecional.";"As fontes de informação ativas durante o processo de transcrição são as proteínas.";"É possível obter diferentes variantes proteicas a partir de um mesmo produto de transcrição.";"A molécula de DNA possui forma circular e as demais moléculas possuem forma de fita simples linearizadas.";"d";"A resposta correta é a alternativa D. É possível obter diferentes variantes proteicas a partir de um mesmo produto de transcrição."
"ENEM_2009_Q017";"multipla";"Biologia";"Gramática e Linguística";"Reading comprehension";"Fácil";"ENEM";"2009";"10";"O Brasil pode se transformar no primeiro país das Américas a entrar no seleto grupo das nações que dispõem de trens-bala. O Ministério dos Transportes prevê o lançamento do edital de licitação internacional para a construção da ferrovia de alta velocidade Rio-São Paulo. A viagem ligará os 403 quilômetros entre a Central do Brasil, no Rio, e a Estação da Luz, no centro da capital paulista, em uma hora e 25 minutos. Disponível em: http://oglobo.globo.com. Acesso em: 14 jul. 2009";"80 m.";"430 m.";"800 m.";"1.600 m.";"6.400 m.";"e";"A resposta correta é a alternativa E. 6.400 m."
"ENEM_2009_Q018";"multipla";"Biologia";"Gramática e Linguística";"Coesão e coerência";"Fácil";"ENEM";"2009";"10";"![](https://enem.dev/2009/questions/18/984c1d41-ccbd-4532-b8aa-b39dfefb0649.png)";"Vazão de ar e potência.";"Vazão de ar e corrente elétrica - ciclo frio.";"Eficiência energética e potência.";"Capacidade de refrigeração e frequência.";"Capacidade de refrigeração e corrente elétrica - ciclo frio.";"e";"A resposta correta é a alternativa E. Capacidade de refrigeração e corrente elétrica - ciclo frio."
"ENEM_2009_Q019";"multipla";"Biologia";"Interpretação e Produção de Texto";"Comprensión lectora";"Fácil";"ENEM";"2009";"10";"![](https://enem.dev/2009/questions/19/ce14eccd-b5dd-4dde-a5a6-2e163d72fec9.png) A escolha das lâmpadas é essencial para obtenção de uma boa iluminação. A potência da lâmpada deverá estar de acordo com o tamanho do cômodo a ser iluminado. O quadro a seguir mostra a relação entre as áreas dos cômodos (em m²) e as potências das lâmpadas (em W), e foi utilizado como referência para o primeiro pavimento de uma residência. ![](https://enem.dev/2009/questions/19/9747c953-2a43-411f-b7ee-49a4e4fd6429.png)";"4.070.";"4.270.";"4.320.";"4.390.";"4.470.";"d";"A resposta correta é a alternativa D. 4.390."
"ENEM_2009_Q020";"multipla";"Biologia";"Comunicação e Tecnologia";"Análise sintática";"Fácil";"ENEM";"2009";"10";"![](https://enem.dev/2009/questions/20/a5b76cbb-b0e8-42a4-ba0f-ca81b7abdcb7.png)";"Reduzir a quantidade de combustível fornecido à usina para ser queimado.";"Reduzir o volume de água do lago que circula no condensador de vapor.";"Reduzir o tamanho da bomba usada para devolver a água líquida à caldeira.";"Melhorar a capacidade dos dutos com vapor conduzirem calor para o ambiente.";"Usar o calor liberado com os gases pela chaminé para mover um outro gerador.";"e";"A resposta correta é a alternativa E. Usar o calor liberado com os gases pela chaminé para mover um outro gerador."
"ENEM_2009_Q021";"multipla";"Biologia";"Literatura Portuguesa";"Mídias digitais";"Fácil";"ENEM";"2009";"10";"Os seres vivos apresentam diferentes ciclos de vida, caracterizados pelas fases nas quais gametas são produzidos e pelos processos reprodutivos que resultam na geração de novos indivíduos.";"[alternativa visual]";"[alternativa visual]";"[alternativa visual]";"[alternativa visual]";"[alternativa visual]";"c";"Gabarito oficial: alternativa C. Consulte a resolução completa no gabarito oficial do INEP."
"ENEM_2009_Q022";"multipla";"Biologia";"Interpretação e Produção de Texto";"Reading comprehension";"Fácil";"ENEM";"2009";"10";"Um medicamento, após ser ingerido, atinge a corrente sanguínea e espalha-se pelo organismo, mas, como suas moléculas “não sabem” onde é que está o problema, podem atuar em locais diferentes do local “alvo” e desencadear efeitos além daqueles desejados. Não seria perfeito se as moléculas dos medicamentos soubessem exatamente onde está o problema e fossem apenas até aquele local exercer sua ação? A técnica conhecida como iontoforese, indolor e não invasiva, promete isso. Como mostram as figuras, essa nova técnica baseia-se na aplicação de uma corrente elétrica de baixa intensidade sobre a pele do paciente, permitindo que fármacos permeiem membranas biológicas e alcancem a corrente sanguínea, sem passar pelo estômago. Muitos pacientes relatam apenas um formigamento no local de aplicação. O objetivo da corrente elétrica é formar poros que permitam a passagem do fármaco de interesse. A corrente elétrica é distribuída por eletrodos, positivo e negativo, por meio de uma solução aplicada sobre a pele. Se a molécula do medicamento tiver carga elétrica positiva ou negativa, ao entrar em contato com o eletrodo de carga de mesmo sinal, ela será repelida e forçada a entrar na pele (eletrorrepulsão – A). Se for neutra, a molécula será forçada a entrar na pele juntamente com o fluxo de solvente fisiológico que se forma entre os eletrodos (eletrosmose – B). ![](https://enem.dev/2009/questions/22/5109eb3c-8a36-48f7-a9e5-b71fcc02ec6d.png)";"Provoca ferimento na pele do paciente ao serem introduzidos os eletrodos, rompendo o epitélio.";"Aumenta o risco de estresse nos pacientes, causado pela aplicação da corrente elétrica.";"Inibe o mecanismo de ação dos medicamentos no tecido-alvo, pois estes passam a entrar por meio da pele.";"Diminui o efeito colateral dos medicamentos, se comparados com aqueles em que a ingestão se faz por via oral.";"Deve ser eficaz para medicamentos constituídos de moléculas polares e ineficaz, se essas forem apolares.";"d";"A resposta correta é a alternativa D. Diminui o efeito colateral dos medicamentos, se comparados com aqueles em que a ingestão se faz por via oral."
"ENEM_2009_Q023";"multipla";"História";"Língua Estrangeira (Espanhol)";"Reading comprehension";"Fácil";"ENEM";"2009";"10";"Cerca de 1% do lixo urbano é constituído por resíduos sólidos contendo elementos tóxicos. Entre esses elementos estão metais pesados como o cádmio, o chumbo e o mercúrio, componentes de pilhas e baterias, que são perigosos à saúde humana e ao meio ambiente. Quando descartadas em lixos comuns, pilhas e baterias vão para aterros sanitários ou lixões a céu aberto, e o vazamento de seus componentes contamina o solo, os rios e o lençol freático, atingindo a flora e a fauna. Por serem bioacumulativos e não biodegradáveis, esses metais chegam de forma acumulada aos seres humanos, por meio da cadeia alimentar. A legislação vigente (Resolução CONAMA no 257/1999) regulamenta o destino de pilhas e baterias após seu esgotamento energético e determina aos fabricantes e/ou importadores a quantidade máxima permitida desses metais em cada tipo de pilha/bateria, porém o problema ainda persiste. Disponível em: http://www.mma.gov.br. Acesso em: 11 jul. 2009 (adaptado).";"Deixar de consumir aparelhos elétricos que utilizem pilha ou bateria como fonte de energia.";"Usar apenas pilhas ou baterias recarregáveis e de vida útil longa e evitar ingerir alimentos contaminados, especialmente peixes.";"Devolver pilhas e baterias, após o esgotamento da energia armazenada, à rede de assistência técnica especializada para repasse a fabricantes e/ou importadores.";"Criar nas cidades, especialmente naquelas com mais de 100 mil habitantes, pontos estratégicos de coleta de baterias e pilhas, para posterior repasse a fabricantes e/ou importadores.";"Exigir que fabricantes invistam em pesquisa para a substituição desses metais tóxicos por substâncias menos nocivas ao homem e ao ambiente, e que não sejam bioacumulativas.";"e";"A resposta correta é a alternativa E. Exigir que fabricantes invistam em pesquisa para a substituição desses metais tóxicos por substâncias menos nocivas ao homem e ao ambiente, e que não ..."
